product_name,source
DZ001 Automatic Plant Beer Energy Beverage Juice Canning Line Can Soft Carbonated Drink Filling Machine,Alibaba
360-Degree Flawless Brush Head with Irregular Tufts Holes Newest Styles Adults Strong Power Healthy Toothbrush,Alibaba
Heavy Loading Ratchet Tie Down Strap Polyester Lashing Truck Cargo Ratchet Fastening Belt,Alibaba
Portable Mild Hyperbaric Oxygen Chamber for Home Use Enhance Wellness Recovery,Alibaba
Automatic Polypropylene Spunbond Nonwoven Fabric Making Machine PLC Motor Gearbox Bearing 5-10 Tons/Day Capacity for Medical,Alibaba
Prefabricated Steel Structure Modern Design Outdoor Stadium Shed 5-Year Warranty Total Project Solution for Basketball Court Use,Alibaba
New Sell Well Infinity Garage Key Holder Mirror Light Sensing Garage Key Hook for Indoor Home and Car Interior,Alibaba
For BMW 5 Series 6 Series 7 Series X3 X4 X5 X6 F10 F11 F07 F11 F25 F26 F15 F16 Lossless Installation Digital Dashboard 12.3 Inch,Alibaba
"Leather Cleaner Wipes Leather Clean Condition Protect Wipes for Vinyl, Apparel Furniture Auto Car Interior Shoes Boots Bags",Alibaba
Wholesale Colourful Hand Carved Gemstone Natural Healing Mixed Material Crystal Christmas Tree Carving Crafts for Gifts,Alibaba
High Quality Automotive Plastic Renewal Coating Car Care Product for Dashboard and Interior Faded Parts Restoration,Alibaba
School Supplies Large Capacity Portable Lanyard Pencil case Cute Cartoon Boys and Girls Small Bookbag Stationery case,Alibaba
Creative Stationery Student Pencil case Manufacturer Direct Sales Cute Storage Pencil case Cartoon Coin Purse Advertising logo,Alibaba
Car Dashboard Genuine Leather Coating Agent Silicone Polymer for Interior Refurbishment Repair Maintenance,Alibaba
Customizable Multipurpose Environment-Friendly Concentrated Low Odor Leather Spray Paint for Car Dashboards Roofs Interior,Alibaba
Rattan Storage Basket Woven Storage Desktop Snacks Dried Fruit Snacks Fruit Wedding Tray Storage Basket Dinner Plate,Alibaba
New Car Interior UV Protector Restores Hydrophobic Long Lasting Leather Shine Conditioner Ceramic Coating,Alibaba
Wholesale Newborn Soft Silicone Baby Spoon for Rice Fruit Cereal & Puree Supplements Kids Tableware,Alibaba
Woven Plastic Wicker Fruit Vegetable Storage Basket PP Rattan Storage Display Trays for Home Kitchen Picnic Hotel Coffee Shop,Alibaba
2025 New Wholesale Silicone Pencil Case School Office Stationery Kid Pen Bag Multifunction Storage Pouch,Alibaba
Wholesale Retro Witch Pendants for Halloween KTV Bar Decorations Haunted House Props Christmas Ghost Festival Party Decorations,Alibaba
Nicro Adults Cosplay Kids Luminous Halloween Accessories Glow in Dark Neon Party Supplies Sunglasses Modes Light up Led Glasses,Alibaba
LED Neon Rave Party Glasses with Glow Effect for Halloween Graduation Christmas DJ Costumes and Party Decorations,Alibaba
Baviss OEM PVC Creative Simulation Tree Leaf Cartoon Car Interior Kits Temporary Parking Number Plate Personality Ornaments,Alibaba
OEM/ODM Kean Brand Newborn Baby Feeding Silicone Modern Design Tableware Set From Guangdong Wholesale in Demand,Alibaba
Car Accessories Exterior Decorative Car Rear Window Louvers Shutters Cover Trims For Mitsubishi Xforce 2025,Alibaba
HGKJ Car Interior Cleaner Agent Ceiling Cleaner Leather Flannel Woven Fabric Water Free Multipurpose Auto Dash Cleaning Tool,Alibaba
For Honda City 2023-2024 ABS Racing Style Air Vent Louver Scoop Rear Side Window Louvers Decor Exterior Accessories Compatible,Alibaba
Custom Prefabricated Steel Sports Buildings and Metal Frame Gym Structures for Indoor Soccer Basketball Tennis Arenas,Alibaba
Food Grade Silicone Baby Feeding Bib Waterproof Toddler Apron Soft Adjustable Cartoon Silicone Baby Bibs,Alibaba
Steel Structure for Petrol Station Canopies Standing Pylon Advertising Sign Gas Station Price Boards,Alibaba
BPA Free Infant Silicone Bib Button Roll Pocket Waterproof Easy Clean Durable Dishwasher Safe Weaning Smock Eco-Friendly Bulk,Alibaba
Optima Steel Structure Metal Building Kits Prefabricated Steel Structure Basketball Court Gym Building,Alibaba
Hot Sale Cheap Halloween Mini Candy Kettles PVC Halloween Witch Mini Black Witch Cauldron,Alibaba
Students Large PVC Canvas Pencil Case Pouch with Zipper Compartments Convenient Organization for Classroom Use,Alibaba
Raw Crystal Gemstone Wall Decor Handmade Gemstone Reiki Crystals Tree of Life Hanger Christmas Ornament Wedding Souvenir Gift,Alibaba
Hot Sale Rattan Garden Basketball Storage Wall Basketball Portable Durable Hanging Flower Small Flower Basketball,Alibaba
Vent Cover Fender Hood Air Flow Intake Trim Car Side Exterior Accessories Wing Decals Ventilation Sticker Modified Styling 2pcs,Alibaba
Modern Design Steel Structure GYM Basketball Soccer Football Tennis Fitness Hall Stadium GYM Arena Metal Frame Building,Alibaba
Vintage Oval Rattan Fruit Plastic Basket Set Woven Plastic Storage Baskets for Home Use for Bread Snacks Tea Party Decor,Alibaba
Fast Build Industrial Prefabricated Steel Structure Design Badminton Basketball Sports Hall,Alibaba
Custom Transparent Storage Bag Pouch Soft Manufacturer School Mesh Examination Stationery Box Pencil case,Alibaba
Factory Wholesale Price Multi-purpose Plastic Fruit Bread Home Decoration Kitchen Organize Tool Rattan Boxes Basket Acrylic Lid,Alibaba
Custom Private Logo Silicone Baby Bibs Custom Brand LOW MOQ Colorful Design OEM ODM Factory Price Kid Waterproof Bib,Alibaba
Parking Number Plate Specific Temporary Parking Sign with Phone Number for Mitsubishi Pajero V73 V87 V93 V95 V97,Alibaba
Prefab Steel Garage Football Stadium Sport Hall Structure Cow Frame Shopping Mall Warehouse Cattle Sheds Workshop Dairy Farm,Alibaba
Premier Supplier's Customized Indoor Sports Court Steel Structure Stadium Project for Workshop Bathroom Kitchen & Gym Use,Alibaba
Prefabricated Steel Structure Sustainable Multi-sports Building Waterproof for Training,Alibaba
Get support,Alibaba
Payments and protections,Alibaba
Source on Alibaba.com,Alibaba
Sell on Alibaba.com,Alibaba
Get to know us,Alibaba
Stay Connected,Alibaba
